model,split,bin,rows,mean_predicted_probability,observed_positive_rate
Logistic Regression,train,1,35870,0.0735608280636498,0.0688597713967103
Logistic Regression,train,2,22010,0.1346737826026269,0.1462062698773285
Logistic Regression,train,3,4054,0.2385208419864853,0.2377898371978293
Logistic Regression,train,4,975,0.3403743585001196,0.3138461538461538
Logistic Regression,train,5,348,0.4438548732307247,0.3764367816091954
Logistic Regression,train,6,139,0.542966669417328,0.4532374100719424
Logistic Regression,train,7,60,0.6448371279423412,0.45
Logistic Regression,train,8,34,0.7458614499155358,0.6470588235294118
Logistic Regression,train,9,21,0.8452254842487955,0.4761904761904761
Logistic Regression,train,10,1,0.9474323312439752,1.0
Logistic Regression,validation,1,5356,0.0754757397920234,0.0569454817027632
Logistic Regression,validation,2,3352,0.1342416552625995,0.102326968973747
Logistic Regression,validation,3,477,0.2366436998445152,0.1970649895178197
Logistic Regression,validation,4,80,0.3372725908134181,0.2125
Logistic Regression,validation,5,11,0.4498917957524916,0.2727272727272727
Logistic Regression,validation,6,4,0.5328383693891933,0.5
Logistic Regression,validation,7,5,0.6324591930844473,0.4
Logistic Regression,validation,8,2,0.7455665212993043,0.5
Logistic Regression,test,1,6515,0.0755435544225884,0.0636991557943208
Logistic Regression,test,2,3726,0.1338005854133957,0.1119162640901771
Logistic Regression,test,3,481,0.2366918047490633,0.1871101871101871
Logistic Regression,test,4,67,0.3340749846258935,0.2985074626865671
Logistic Regression,test,5,23,0.4438038208277817,0.2608695652173913
Logistic Regression,test,6,6,0.5396888260892599,0.0
Logistic Regression,test,7,4,0.6419066306736594,0.25
HistGradientBoosting,train,1,34559,0.0676914879197268,0.0509852715645707
HistGradientBoosting,train,2,22289,0.1391392330744471,0.1387231369733949
HistGradientBoosting,train,3,5242,0.2368354994311608,0.2956886684471576
HistGradientBoosting,train,4,1012,0.3376911615054403,0.516798418972332
HistGradientBoosting,train,5,293,0.4430135188946629,0.6518771331058021
HistGradientBoosting,train,6,103,0.5353315663344197,0.7864077669902912
HistGradientBoosting,train,7,14,0.6296928039798253,0.9285714285714286
HistGradientBoosting,validation,1,5243,0.06965495513688,0.0541674613770741
HistGradientBoosting,validation,2,3421,0.1375498030682378,0.1034785150540777
HistGradientBoosting,validation,3,527,0.2357091420068509,0.1840607210626186
HistGradientBoosting,validation,4,76,0.3350033114559185,0.3157894736842105
HistGradientBoosting,validation,5,11,0.4473225314592388,0.4545454545454545
HistGradientBoosting,validation,6,7,0.5250516850803117,0.4285714285714285
HistGradientBoosting,validation,7,2,0.657211492000078,0.0
HistGradientBoosting,test,1,6447,0.0703145679629467,0.0618892508143322
HistGradientBoosting,test,2,3745,0.1374125664579826,0.1108144192256341
HistGradientBoosting,test,3,548,0.2355176310330332,0.2043795620437956
HistGradientBoosting,test,4,59,0.3360243329799964,0.3559322033898305
HistGradientBoosting,test,5,17,0.4484361369600617,0.0
HistGradientBoosting,test,6,6,0.5356226168061272,0.3333333333333333
DNN raw,train,1,36163,0.0604795253997948,0.0617205430965351
DNN raw,train,2,20612,0.1390884632476788,0.1452551911507859
DNN raw,train,3,5079,0.2387762892422711,0.2502461114392597
DNN raw,train,4,1149,0.3369540216922017,0.3951261966927763
DNN raw,train,5,347,0.441057359369802,0.4610951008645533
DNN raw,train,6,122,0.543870256501543,0.5655737704918032
DNN raw,train,7,34,0.6360627178192688,0.7941176470588235
DNN raw,train,8,6,0.743153049195477,0.8333333333333334
DNN raw,validation,1,5617,0.0621527086593658,0.05429944810397
DNN raw,validation,2,3023,0.1374562961231738,0.1078398941448891
DNN raw,validation,3,554,0.2367438159551588,0.187725631768953
DNN raw,validation,4,78,0.3312497563566812,0.3076923076923077
DNN raw,validation,5,12,0.4353149604260224,0.5
DNN raw,validation,6,2,0.5570650270112453,1.0
DNN raw,validation,7,1,0.6135734024289433,0.0
DNN raw,test,1,6825,0.0619584830509083,0.0612454212454212
DNN raw,test,2,3344,0.1378665476349469,0.1196172248803827
DNN raw,test,3,566,0.2364035635280887,0.1890459363957597
DNN raw,test,4,71,0.3354994510181132,0.2676056338028169
DNN raw,test,5,11,0.4493261680806329,0.2727272727272727
DNN raw,test,6,4,0.5316356666211878,0.25
DNN raw,test,7,1,0.627491864521083,1.0
DNN temperature-scaled,train,1,41670,0.0548335432454771,0.0676025917926565
DNN temperature-scaled,train,2,16565,0.1383039641793056,0.1635979474796257
DNN temperature-scaled,train,3,3903,0.2387857646713939,0.2713297463489623
DNN temperature-scaled,train,4,910,0.3382491177942029,0.4208791208791209
DNN temperature-scaled,train,5,302,0.4422058122008402,0.4701986754966887
DNN temperature-scaled,train,6,118,0.5455484012181596,0.576271186440678
DNN temperature-scaled,train,7,38,0.6421515213739947,0.7368421052631579
DNN temperature-scaled,train,8,5,0.7491802215434072,0.8
DNN temperature-scaled,train,9,1,0.8107370159479697,1.0
DNN temperature-scaled,validation,1,6480,0.0561666909242259,0.0611111111111111
DNN temperature-scaled,validation,2,2348,0.1366869122656849,0.1137137989778535
DNN temperature-scaled,validation,3,387,0.2378174489918513,0.2015503875968992
DNN temperature-scaled,validation,4,59,0.3302428590588078,0.3050847457627119
DNN temperature-scaled,validation,5,10,0.4365670440044259,0.6
DNN temperature-scaled,validation,6,2,0.5617351032988982,1.0
DNN temperature-scaled,validation,7,1,0.6226238314079228,0.0
DNN temperature-scaled,test,1,7749,0.05539932298094,0.0667182862304813
DNN temperature-scaled,test,2,2595,0.1360661278480813,0.1233140655105973
DNN temperature-scaled,test,3,411,0.2351557555116994,0.2287104622871046
DNN temperature-scaled,test,4,52,0.3362126634676396,0.2692307692307692
DNN temperature-scaled,test,5,10,0.4499120594122482,0.2
DNN temperature-scaled,test,6,4,0.5342460916179571,0.25
DNN temperature-scaled,test,7,1,0.6375430419562353,1.0
FT-Transformer raw,train,1,25360,0.0733157486970559,0.0570583596214511
FT-Transformer raw,train,2,25151,0.1408061000164794,0.1150650073555723
FT-Transformer raw,train,3,7267,0.2512771577781992,0.179854135131416
FT-Transformer raw,train,4,5332,0.3387543168226784,0.2580645161290322
FT-Transformer raw,train,5,402,0.4209029461056151,0.4676616915422885
FT-Transformer raw,validation,1,3842,0.0762903191928439,0.0489328474752732
FT-Transformer raw,validation,2,4082,0.1421868399987966,0.0854973052425281
FT-Transformer raw,validation,3,933,0.2431302999414309,0.1361200428724544
FT-Transformer raw,validation,4,415,0.3346876755736472,0.2313253012048192
FT-Transformer raw,validation,5,15,0.414474761565743,0.4666666666666667
FT-Transformer raw,test,1,4712,0.0766619176486817,0.0543293718166383
FT-Transformer raw,test,2,4678,0.1417045098701406,0.0955536554082941
FT-Transformer raw,test,3,981,0.2444880433142405,0.1508664627930682
FT-Transformer raw,test,4,435,0.3339229980501688,0.2137931034482758
FT-Transformer raw,test,5,16,0.4218015887768908,0.3125
FT-Transformer temperature-scaled,train,1,41882,0.0526778425567231,0.0742084905209875
FT-Transformer temperature-scaled,train,2,12157,0.1332737615661646,0.1508595870691782
FT-Transformer temperature-scaled,train,3,6753,0.2473486095700418,0.2079075966237228
FT-Transformer temperature-scaled,train,4,2570,0.3339015446128645,0.3062256809338521
FT-Transformer temperature-scaled,train,5,150,0.4224364167542214,0.5266666666666666
FT-Transformer temperature-scaled,validation,1,6343,0.0533749925634266,0.0616427557937884
FT-Transformer temperature-scaled,validation,2,2136,0.1308522595050144,0.1058052434456928
FT-Transformer temperature-scaled,validation,3,642,0.2455264750178932,0.1557632398753894
FT-Transformer temperature-scaled,validation,4,163,0.3290358860447165,0.3006134969325153
FT-Transformer temperature-scaled,validation,5,3,0.4198825193247366,0.3333333333333333
FT-Transformer temperature-scaled,test,1,7647,0.0531912083608712,0.0681312933176409
FT-Transformer temperature-scaled,test,2,2308,0.1307720178349052,0.1148180242634315
FT-Transformer temperature-scaled,test,3,697,0.2448322787370051,0.1707317073170731
FT-Transformer temperature-scaled,test,4,164,0.3272867064645203,0.2560975609756097
FT-Transformer temperature-scaled,test,5,6,0.4279228716497944,0.3333333333333333
CatBoost,train,1,36260,0.06991568869127993,0.06254826254826255
CatBoost,train,2,21187,0.13932828544668296,0.14183225562845142
CatBoost,train,3,4795,0.23479141656063482,0.26256517205422314
CatBoost,train,4,821,0.33853557486973695,0.43727161997563946
CatBoost,train,5,225,0.4441939420723375,0.6088888888888889
CatBoost,train,6,122,0.5485543742211579,0.7295081967213115
CatBoost,train,7,82,0.6455593330352295,0.9146341463414634
CatBoost,train,8,16,0.7344533134684461,1.0
CatBoost,train,9,4,0.8183283115249077,1.0
CatBoost,validation,1,5459,0.07208190957607978,0.05550467118519876
CatBoost,validation,2,3271,0.1376909434720337,0.10363803118312442
CatBoost,validation,3,487,0.23314089642580724,0.21149897330595482
CatBoost,validation,4,50,0.33734527561460176,0.3
CatBoost,validation,5,12,0.446608334762361,0.4166666666666667
CatBoost,validation,6,5,0.5357277270840222,0.2
CatBoost,validation,7,3,0.6102220186937608,0.3333333333333333
CatBoost,test,1,6598,0.07246892279439128,0.061685359199757504
CatBoost,test,2,3674,0.13714042986832897,0.11404463799673381
CatBoost,test,3,480,0.22824984228044004,0.22083333333333333
CatBoost,test,4,45,0.33632666357261415,0.24444444444444444
CatBoost,test,5,14,0.4430233176516246,0.14285714285714285
CatBoost,test,6,8,0.5359255438316677,0.25
CatBoost,test,7,3,0.6373182994752303,0.6666666666666666
