catboost_weight,xgboost_weight,tabm_weight,validation_pr_auc,validation_roc_auc
0.30000000000000004,0.49999999999999994,0.2,0.17627455923264995,0.6562743693801225
0.15000000000000002,0.5499999999999999,0.30000000000000004,0.17622990991949744,0.6546212302060953
0.25,0.5,0.25,0.1761619238250452,0.6556703760153271
0.2,0.5,0.30000000000000004,0.17604635182119954,0.6549067766004983
0.25,0.55,0.19999999999999996,0.17602797905694584,0.6560267734175589
0.2,0.6000000000000001,0.19999999999999996,0.1760234935440446,0.6557347999338927
0.2,0.45,0.35000000000000003,0.17592765086214113,0.6542775339564549
0.30000000000000004,0.39999999999999997,0.3,0.1758492114747809,0.6553653953272001
0.35000000000000003,0.39999999999999997,0.24999999999999994,0.17583257550678696,0.6560604391232225
0.30000000000000004,0.44999999999999996,0.25,0.17582833673026083,0.6559112388367581
0.2,0.55,0.25,0.1757726549524034,0.6553709042608542
0.1,0.6000000000000001,0.29999999999999993,0.1757721650197565,0.6542175477899994
0.1,0.55,0.35,0.17576456025577367,0.653671245202637
0.4,0.39999999999999997,0.2,0.17571741045079517,0.6566229624596777
0.25,0.45,0.3,0.17571501682408103,0.6551341731396636
0.15000000000000002,0.6,0.25,0.1756955155530861,0.6550340941782813
0.2,0.75,0.050000000000000044,0.1756628203410838,0.6561106316298486
0.35000000000000003,0.35,0.29999999999999993,0.17565734904588493,0.6555424463338047
0.2,0.65,0.15000000000000002,0.17564477404738163,0.6559543921503816
0.05,0.6,0.35,0.1756091057249461,0.6532990861291172
0.35000000000000003,0.44999999999999996,0.19999999999999996,0.17560187498725743,0.6564676411358197
0.25,0.6000000000000001,0.1499999999999999,0.175598442179122,0.6562529457492455
0.05,0.6499999999999999,0.30000000000000004,0.17559296039899489,0.653785555575959
0.5,0.35000000000000003,0.14999999999999997,0.17559124452169808,0.6572664365156607
0.15000000000000002,0.49999999999999994,0.35000000000000003,0.17558626511676145,0.6539952011066835
0.25,0.4,0.35,0.1755634619908433,0.6545366068641314
0.45,0.4,0.15000000000000002,0.17555604471272324,0.6571423324825092
0.30000000000000004,0.5499999999999999,0.15000000000000002,0.17555338295748693,0.6565383391177138
0.25,0.65,0.09999999999999998,0.17555011963946437,0.6564423918565718
0.4,0.44999999999999996,0.15000000000000002,0.1755305768471037,0.6569853278733679
0.35000000000000003,0.49999999999999994,0.14999999999999997,0.17552634430517927,0.6567876183655607
0.5,0.30000000000000004,0.19999999999999996,0.17550915509243548,0.6568551028028231
0.15000000000000002,0.6499999999999999,0.20000000000000007,0.17550636189209134,0.6553733526758115
0.15000000000000002,0.44999999999999996,0.4,0.17550133771324755,0.6533292322382797
0.1,0.65,0.25,0.17549771013119692,0.6546827466318993
0.4,0.35,0.25,0.17549111907141507,0.656193112608725
0.1,0.5,0.4,0.1754864030413256,0.6530244045760876
0.35000000000000003,0.5499999999999999,0.09999999999999998,0.17547534189000677,0.6570087408413977
0.45,0.35000000000000003,0.2,0.17542341850297544,0.6567585434379418
0.0,0.6000000000000001,0.3999999999999999,0.17540560757790796,0.6522973783596844
0.15000000000000002,0.7499999999999999,0.10000000000000009,0.17538733496910777,0.6557237820665847
0.15000000000000002,0.7,0.15000000000000002,0.1753511967540955,0.6556090126154581
0.0,0.7000000000000001,0.29999999999999993,0.17534358629372573,0.6534028377129356
0.4,0.49999999999999994,0.10000000000000003,0.17532744524245603,0.6572072154788793
0.35000000000000003,0.6,0.04999999999999993,0.17532296687219656,0.6570716345006151
0.2,0.7000000000000001,0.09999999999999998,0.17531605124540944,0.6560910443101897
0.30000000000000004,0.6,0.09999999999999998,0.17531015605931896,0.6567565541007889
0.05,0.5499999999999999,0.4,0.1753100139016571,0.6526970821014746
0.0,0.65,0.35,0.17529567479364813,0.6528542397365507
0.5,0.4,0.09999999999999998,0.17528911300663005,0.6574220638913884
0.30000000000000004,0.35,0.35,0.17527831839896146,0.6547649215589058
0.4,0.3,0.3,0.17527049951511214,0.6556229379755281
0.4,0.5499999999999999,0.050000000000000044,0.17526726178533844,0.6572852587056455
0.45,0.5,0.050000000000000044,0.1752482318176288,0.6574330817586964
0.1,0.7000000000000001,0.19999999999999996,0.17524756564050648,0.6550057843803367
0.15000000000000002,0.7999999999999999,0.050000000000000044,0.17523332622606488,0.6557026644875774
0.05,0.7,0.25,0.17522115041622044,0.6542818186826304
0.45,0.45,0.10000000000000003,0.1752177860462458,0.6573305543823568
0.2,0.8,0.0,0.17521614728291685,0.6559314382601563
0.5,0.45,0.04999999999999999,0.17517918905540059,0.6575519829100637
0.45,0.30000000000000004,0.25,0.17517573938463835,0.656299006555631
0.30000000000000004,0.6499999999999999,0.050000000000000044,0.17512878370268073,0.6567727748498815
0.45,0.55,0.0,0.17509648460227067,0.6574104339203408
0.55,0.35,0.09999999999999998,0.17505107028007783,0.6575343849275574
0.4,0.6,0.0,0.17504425908127239,0.6571928310410049
0.25,0.7000000000000001,0.04999999999999993,0.1750002958247797,0.6564335163523514
0.1,0.45,0.45,0.17499369726946581,0.6523158944977995
0.0,0.55,0.44999999999999996,0.17497315322207804,0.6516130463791003
0.35000000000000003,0.6499999999999999,0.0,0.17490169551950646,0.6569383489113736
0.1,0.8,0.09999999999999998,0.17490037011904147,0.6552497077204644
0.55,0.39999999999999997,0.04999999999999999,0.17488127378392468,0.6576378304595063
0.5,0.5,0.0,0.17486225874422576,0.6575582569733919
0.15000000000000002,0.85,0.0,0.17486029036064538,0.6555314284664965
0.05,0.49999999999999994,0.45,0.17485507467036696,0.6519922446456226
0.1,0.75,0.15000000000000002,0.17483760147254104,0.6551724296233726
0.0,0.75,0.25,0.17478872458586503,0.6537687227231271
0.30000000000000004,0.7,0.0,0.17478766999577441,0.656619748915046
0.05,0.7499999999999999,0.20000000000000007,0.17475561389720562,0.6545766996590583
0.1,0.8500000000000001,0.04999999999999993,0.17471379708427184,0.6552414443199833
0.2,0.4,0.4,0.174706159881816,0.6535961094686328
0.55,0.44999999999999996,0.0,0.1745838856775174,0.6576104388171709
0.25,0.75,0.0,0.17455487012985266,0.6563173696678112
0.35000000000000003,0.3,0.3499999999999999,0.17453414592361455,0.654892086110754
0.25,0.35000000000000003,0.39999999999999997,0.1745330412290645,0.6538259544227555
0.55,0.24999999999999997,0.19999999999999998,0.1745142815513816,0.6568775976152438
0.4,0.24999999999999997,0.35,0.1745010997479058,0.6549777806342619
0.5,0.25,0.25,0.17449305415638539,0.6563282345091846
0.6000000000000001,0.3999999999999999,0.0,0.17446371479717343,0.6576288019293509
0.55,0.19999999999999998,0.24999999999999997,0.17445324953579214,0.6563721529524824
0.55,0.3,0.14999999999999997,0.17443648091624975,0.6572994901175852
0.0,0.8,0.19999999999999996,0.1743924611439115,0.6540945149383918
0.35000000000000003,0.24999999999999997,0.3999999999999999,0.1743860172018779,0.6541474619118448
0.30000000000000004,0.3,0.39999999999999997,0.17436953752216047,0.654004076610904
0.45,0.2,0.35000000000000003,0.17435420436074145,0.6550796959068622
0.05,0.7999999999999999,0.15000000000000002,0.17432485531754052,0.6547494659394875
0.55,0.09999999999999999,0.35,0.17428902653673028,0.655129276309749
0.6000000000000001,0.29999999999999993,0.09999999999999998,0.17428147436979113,0.6575155627375728
0.0,0.8500000000000001,0.1499999999999999,0.1742428443117765,0.654212344908215
0.05,0.44999999999999996,0.5,0.17422548325164164,0.6511483066150051
0.6000000000000001,0.24999999999999994,0.14999999999999997,0.1742156179555573,0.6572390448733252
0.4,0.19999999999999998,0.4,0.17421034497920887,0.6542349927465707
0.05,0.85,0.09999999999999998,0.1742101366667536,0.6547759394262139
0.1,0.9,0.0,0.1741585436103346,0.6550180264551236
0.6000000000000001,0.19999999999999996,0.19999999999999996,0.17415783886543312,0.6568831065488979
0.5,0.15000000000000002,0.35,0.17414556249240845,0.6551115253013081
0.6000000000000001,0.3499999999999999,0.04999999999999999,0.1741293815975788,0.6576307912665038
0.25,0.30000000000000004,0.44999999999999996,0.17410013070998087,0.6530244045760876
0.2,0.35000000000000003,0.45,0.17408026104014682,0.6528019048668369
0.65,0.15,0.19999999999999998,0.1740460394884696,0.6568218961749638
0.05,0.8999999999999999,0.050000000000000044,0.17403960718930664,0.6547050884183853
0.65,0.19999999999999998,0.15,0.17403660907751356,0.657182425277436
0.45,0.15000000000000002,0.4,0.1740280773409435,0.6542957440427003
0.5,0.2,0.3,0.1740257935211203,0.6557635688096419
0.30000000000000004,0.24999999999999997,0.44999999999999996,0.17402329190946714,0.653210025035043
0.55,0.15,0.29999999999999993,0.1740079998318323,0.6557955512300224
0.35000000000000003,0.19999999999999998,0.44999999999999996,0.17398648292807767,0.6533339760422596
0.15000000000000002,0.39999999999999997,0.45,0.1739617323883192,0.6525792521316514
0.0,0.5,0.5,0.17392623820501846,0.650754264832804
0.45,0.1,0.45000000000000007,0.17388571421904475,0.6534769022653959
0.45,0.25,0.30000000000000004,0.17385269424643265,0.6556902693868557
0.65,0.24999999999999997,0.1,0.173826137973274,0.6574590961676186
0.6000000000000001,0.04999999999999999,0.3499999999999999,0.17381994981301638,0.6550541405757448
0.6000000000000001,0.09999999999999998,0.29999999999999993,0.17376953651315388,0.6557770350919074
0.6000000000000001,0.14999999999999997,0.24999999999999994,0.17376552841046913,0.6563710817709385
0.65,0.3,0.04999999999999999,0.1737573348805668,0.6575937589902737
0.4,0.15,0.44999999999999996,0.17375604234205427,0.653451806012083
0.7000000000000001,0.14999999999999997,0.14999999999999997,0.17375283574358164,0.6570922930018179
0.7000000000000001,0.09999999999999998,0.19999999999999996,0.17371582054071916,0.656714778020579
0.0,0.9,0.09999999999999998,0.17371434300761537,0.6542486120547711
0.2,0.30000000000000004,0.5,0.17368149723591553,0.6519769420521391
0.05,0.95,0.0,0.17366688409731118,0.6544677451934555
0.05,0.39999999999999997,0.55,0.17365925211105052,0.650197250430003
0.65,0.09999999999999999,0.25,0.17365572267928925,0.6563155333565932
0.30000000000000004,0.19999999999999998,0.5,0.17362977181246858,0.652288349829529
0.5,0.1,0.4,0.17362872055731834,0.6543209933219482
0.55,0.049999999999999996,0.39999999999999997,0.17361357070477562,0.6543312460595822
0.25,0.25,0.5,0.1735960513149338,0.6521616443554853
0.15000000000000002,0.35,0.5,0.17352917924835262,0.6517683677029583
0.7000000000000001,0.19999999999999996,0.09999999999999998,0.17352253762601594,0.6573542734022562
0.65,0.0,0.35,0.17350778974342965,0.6549973679539208
0.65,0.35,0.0,0.17350124559125157,0.6575981967423838
0.7000000000000001,0.24999999999999994,0.04999999999999999,0.17349687517456092,0.6575028615849815
0.0,0.9500000000000001,0.04999999999999993,0.17343041212408108,0.6541157855433339
0.5,0.05,0.45,0.17342158432681132,0.6534960305072504
0.6000000000000001,0.0,0.3999999999999999,0.17336870935040724,0.6543058437543995
0.75,0.1,0.15,0.17336829056164482,0.6569443169228321
0.65,0.049999999999999996,0.3,0.17334135225674863,0.6556693048337833
0.55,0.0,0.44999999999999996,0.1733188281882329,0.6534664965018271
0.7000000000000001,0.04999999999999999,0.24999999999999994,0.17330226917543048,0.656200457853597
0.45,0.05,0.5,0.17328376533185816,0.652590729076764
0.75,0.15000000000000002,0.09999999999999998,0.17328251587603066,0.6572584791670493
0.35000000000000003,0.15,0.4999999999999999,0.1732579285668231,0.6524378561678633
0.0,0.45,0.55,0.17323785977068862,0.6498699279553898
0.1,0.4,0.5,0.17319308984167442,0.6514707322597033
0.75,0.2,0.04999999999999999,0.17308956887310992,0.657373095592241
0.75,0.05,0.2,0.17306919437618723,0.6565447662069768
0.4,0.09999999999999999,0.5,0.17306103815766083,0.6525373230255064
0.7000000000000001,0.29999999999999993,0.0,0.17298227083368273,0.6575250503455325
0.75,0.0,0.25,0.17294636767849159,0.6560249371063408
0.0,1.0,0.0,0.17291582578367273,0.6538402623476626
0.30000000000000004,0.15,0.5499999999999999,0.17291230067479038,0.6513480054599653
0.7000000000000001,0.0,0.29999999999999993,0.17289219606909373,0.6555612685237894
0.75,0.25,0.0,0.17287662044197616,0.6574092097128621
0.8,0.14999999999999997,0.04999999999999999,0.17285614144544087,0.6572454719625882
0.25,0.2,0.55,0.17284386567695464,0.6511827374503429
0.8,0.04999999999999999,0.14999999999999997,0.1728196756110159,0.6567562480489193
0.8,0.19999999999999996,0.0,0.17281134429469583,0.6572710272937057
0.8,0.09999999999999998,0.09999999999999998,0.17279194717685278,0.6570730117340288
0.15000000000000002,0.3,0.55,0.17275612194731957,0.6507842579160316
0.5,0.0,0.5,0.17273285192592502,0.6525671630827994
0.2,0.25,0.55,0.1727317164585649,0.6509796720348165
0.1,0.35000000000000003,0.55,0.17270259615452144,0.6505259501380294
0.0,0.4,0.6,0.17265676031460978,0.6488718928083932
0.35000000000000003,0.09999999999999999,0.5499999999999999,0.17261933448359676,0.6514669066113324
0.8500000000000001,0.09999999999999994,0.049999999999999975,0.1726007265939793,0.6570263388239039
0.8500000000000001,0.1499999999999999,0.0,0.17254047005602166,0.6570720935784197
0.8,0.0,0.19999999999999996,0.17254040630354053,0.6563698575634599
0.8500000000000001,0.04999999999999997,0.09999999999999995,0.17246134197782143,0.6568425546761665
0.45,0.0,0.55,0.17241590993478023,0.6515386757747703
0.1,0.30000000000000004,0.6,0.17228723254853018,0.6495086337232434
0.15000000000000002,0.24999999999999997,0.6,0.17221897537892017,0.6497631158528747
0.2,0.2,0.6000000000000001,0.17221644663542718,0.6499533270898752
0.4,0.049999999999999996,0.5499999999999999,0.17211284890926543,0.65152031266259
0.9,0.09999999999999998,0.0,0.1720530614486496,0.6568270990567482
0.25,0.15000000000000002,0.6,0.1720120732903107,0.6501355809782642
0.8500000000000001,0.0,0.1499999999999999,0.17193205362718275,0.6565213532389468
0.9,0.04999999999999999,0.04999999999999999,0.17191666436730066,0.6567580843601374
0.05,0.35,0.6,0.17189567668831943,0.6492183435248606
0.9,0.0,0.09999999999999998,0.17188075876682202,0.6565874604427958
0.30000000000000004,0.09999999999999999,0.6,0.17184057480357276,0.6503003899100819
0.9500000000000001,0.0,0.04999999999999993,0.1716185574545864,0.6564707016545164
0.0,0.35000000000000003,0.6499999999999999,0.17161071155133006,0.6478475372006047
0.15000000000000002,0.19999999999999998,0.65,0.1715982586866991,0.6486997386317034
0.35000000000000003,0.049999999999999996,0.5999999999999999,0.17155437095373688,0.6504046005717048
0.9500000000000001,0.04999999999999993,0.0,0.17150988140279969,0.6565346664952777
0.1,0.25,0.65,0.17145912211477063,0.6484483170207687
0.05,0.3,0.6499999999999999,0.17127791267934897,0.6481841942572427
0.2,0.15000000000000002,0.65,0.17123891228938581,0.6489041812806434
0.4,0.0,0.6,0.17120168413673895,0.6504693305421403
0.25,0.1,0.65,0.1711594556585724,0.6490425167257347
0.30000000000000004,0.049999999999999996,0.6499999999999999,0.1709500780535216,0.6491892685972419
1.0,0.0,0.0,0.17075945418768573,0.6561453685170564
0.35000000000000003,0.0,0.6499999999999999,0.17075914914101165,0.6493066394892606
0.1,0.2,0.7,0.17051921707023482,0.6473694841801788
0.15000000000000002,0.15,0.7,0.17050260439776002,0.6475797418146427
0.05,0.24999999999999997,0.7,0.17036448476582514,0.6470366527719118
0.25,0.05,0.7,0.1703595721988963,0.6479124201969749
0.0,0.30000000000000004,0.7,0.1703355881799518,0.6467442202104413
0.2,0.1,0.7000000000000001,0.17025423803262393,0.6477257285564757
0.30000000000000004,0.0,0.7,0.1701640743509649,0.6480411150081715
0.1,0.15000000000000002,0.75,0.169596283151411,0.6461339527823176
0.05,0.19999999999999998,0.75,0.1694290357801484,0.6458643210851376
0.25,0.0,0.75,0.16922047890307867,0.6467198890868024
0.15000000000000002,0.09999999999999999,0.75,0.16916353449075278,0.6463402317424757
0.0,0.25,0.75,0.1690666174478287,0.6455249095616725
0.2,0.05,0.75,0.16905281506617917,0.6465347277056515
0.2,0.0,0.8,0.16834808779329147,0.6453045522155095
0.15000000000000002,0.049999999999999996,0.7999999999999999,0.168229121048171,0.6451304087016667
0.1,0.1,0.8,0.16816250196588672,0.6449031651884362
0.0,0.2,0.8,0.16799517233624642,0.6442991718236406
0.05,0.15,0.7999999999999999,0.16797664553539246,0.6446173127421635
0.15000000000000002,0.0,0.85,0.16734283961266433,0.6438705461801666
0.1,0.05,0.85,0.16727511052031316,0.6436455980559584
0.05,0.09999999999999999,0.85,0.16701870649889972,0.6434194257242717
0.0,0.15000000000000002,0.85,0.16687919289883935,0.6430885836531575
0.1,0.0,0.9,0.16628819079119914,0.6424223087328841
0.0,0.1,0.9,0.16614325350431636,0.641836525454334
0.05,0.049999999999999996,0.8999999999999999,0.16612479847543232,0.6421337018197845
0.05,0.0,0.95,0.16529052286528684,0.6409307649460431
0.0,0.05,0.95,0.16515871045468686,0.6406317522693746
0.0,0.0,1.0,0.16401625325047892,0.6394315698624602
