rank,feature,feature_type,mutual_information,abs_point_biserial,normalized_categorical_mi,missing_rate,cardinality
1,prior_mean_number_diagnoses,numeric,0.015361711951918267,0.006186958170209772,,0.7530860309862704,205
2,prior_mean_num_medications,numeric,0.015159621901161602,0.01864857833794817,,0.7530860309862704,526
3,prior_mean_num_procedures,numeric,0.014500802171589777,0.008324034509873388,,0.7530860309862704,160
4,prior_mean_num_lab_procedures,numeric,0.013701863872643383,0.003174421043844292,,0.7530860309862704,820
5,acute_prior_utilization,numeric,0.011753611933756014,0.15457582943469986,,0.0,29
6,prior_mean_time_in_hospital,numeric,0.010853792706633225,0.04108147605188688,,0.7530860309862704,270
7,diag_1,categorical,0.010816397622746323,,0.004254448225054301,0.0,673
8,has_inpatient_history,numeric,0.010630448371586443,0.12492051137939002,,0.0,2
9,number_inpatient,numeric,0.01012267797355304,0.15975965123089053,,0.0,18
10,diag_1_three_digit,categorical,0.009921453996941266,,0.004099539794686596,0.0,640
11,diag_3,categorical,0.009894496059619194,,0.004126728260476769,0.0,714
12,diag_2,categorical,0.008894637541427637,,0.0036872736220212136,0.0,680
13,diag_3_three_digit,categorical,0.008835267699553489,,0.0039026405946311223,0.0,682
14,total_prior_utilization,numeric,0.00883243946509027,0.1273077114015957,,0.0,35
15,diag_2_three_digit,categorical,0.0075511269872417745,,0.0033185441199824624,0.0,647
16,discharge_disposition_id,categorical,0.006956779826357581,,0.007917183372890617,0.0,21
17,is_repeat_encounter,numeric,0.005605465579505031,0.09670182603677727,,0.0,2
18,active_medication_count,numeric,0.0054846923175797535,0.005975785086990547,,0.0,7
19,prior_encounter_count,numeric,0.00527608503198862,0.11011232845072066,,0.0,23
20,previous_primary_diagnosis_family,categorical,0.005034974800997231,,0.006812176377156506,0.0,20
21,previous_discharge_disposition_id,categorical,0.004610621426932259,,0.007138128433340323,0.0,21
22,number_diagnoses,numeric,0.004497820523700291,0.06284510455479862,,0.0,9
23,time_in_hospital,numeric,0.0033094050287434396,0.05432245802359989,,0.0,14
24,age_midpoint,numeric,0.0031591435050473127,0.030285466240841878,,0.0,10
25,labs_per_hospital_day,numeric,0.0030969423329563206,0.038981939104558536,,0.0,849
26,number_emergency,numeric,0.003024563223850585,0.06220410596934798,,0.0,20
27,procedures_per_hospital_day,numeric,0.0025160046685193116,0.0396536127169274,,0.0,56
28,medication_down_count,numeric,0.0017107348798530708,0.030653887831953424,,0.0,4
29,number_outpatient,numeric,0.001468613389189688,0.011341019691281257,,0.0,29
30,medication_change_count,numeric,0.0012893619384990451,0.03275188401029589,,0.0,5
31,medications_per_hospital_day,numeric,0.0012295600101082105,0.0289797602314054,,0.0,503
32,num_lab_procedures,numeric,0.0011713175451695257,0.02459259333357199,,0.0,114
33,diag_3_family,categorical,0.0011205756446713675,,0.0008249004430931773,0.0,20
34,num_procedures,numeric,0.0010692136097960603,0.012499231027023732,,0.0,7
35,age,categorical,0.0009638982016282346,,0.0008741277252283894,0.0,10
36,insulin,categorical,0.0009219811146976772,,0.001224114230073029,0.0,4
37,diag_2_family,categorical,0.0007974837986378912,,0.000598878232652599,0.0,20
38,diag_1_family,categorical,0.0007714788385985642,,0.0005729542265649038,0.0,19
39,diabetesMed,categorical,0.00048052556251525214,,0.0010546723235652319,0.0,2
40,metformin,categorical,0.00034674463691758764,,0.0007617036343798464,0.0,4
41,admission_source_id,categorical,0.0002570365019610246,,0.00030482385477785854,0.0,14
42,change,categorical,0.00015380401261549936,,0.0002966151178782077,0.0,2
43,admission_type_id,categorical,0.00012105136989523548,,0.00014180192454463044,0.0,8
44,A1Cresult,categorical,0.0001021018492713445,,0.00030052074861868606,0.8392429777050007,3
45,glipizide,categorical,8.685233580903954e-05,,0.0002190690216058634,0.0,4
46,max_glu_serum,categorical,6.867899405578991e-05,,0.000258369748250257,0.9271003904773901,3
47,rosiglitazone,categorical,6.418741594718083e-05,,0.00020509633466125432,0.0,4
48,repaglinide,categorical,6.029996671471223e-05,,0.00028332404883793755,0.0,4
49,pioglitazone,categorical,3.985089601661628e-05,,0.00013005198133641144,0.0,4
50,race,categorical,3.386822220134006e-05,,6.306170476028377e-05,0.021019649829953396,5
51,chlorpropamide,categorical,3.225587958092857e-05,,0.00017750654145401326,0.0,4
52,acarbose,categorical,3.082535961504529e-05,,0.0001652164822916719,0.0,4
53,nateglinide,categorical,2.5534409786616224e-05,,0.00012947749759085624,0.0,4
54,glimepiride,categorical,2.326170957939232e-05,,8.265070795523514e-05,0.0,4
55,glyburide,categorical,1.7063676341422425e-05,,4.406081191367648e-05,0.0,4
56,glyburide-metformin,categorical,1.6367112578288557e-05,,8.481564018203617e-05,0.0,4
57,glipizide-metformin,categorical,1.138749028190987e-05,,6.418190051748617e-05,0.0,2
58,miglitol,categorical,6.635661317746665e-06,,3.722255308160581e-05,0.0,3
59,tolazamide,categorical,5.834931708761709e-06,,3.2496727647905975e-05,0.0,3
60,troglitazone,categorical,5.69360222159803e-06,,3.213109335836155e-05,0.0,2
61,tolbutamide,categorical,3.824208901951194e-06,,2.14710523511725e-05,0.0,2
62,gender,categorical,1.9268039180118262e-06,,3.691336242395335e-06,0.0,3
63,acetohexamide,categorical,1.8978356486452235e-06,,1.0720102115132245e-05,0.0,2
64,care_intensity,numeric,0.0,0.035040975805029455,,0.0,159
65,citoglipton,categorical,0.0,,0.0,0.0,1
66,examide,categorical,0.0,,0.0,0.0,1
67,glimepiride-pioglitazone,categorical,0.0,,0.0,0.0,1
68,medication_up_count,numeric,0.0,0.01409472934282017,,0.0,4
69,metformin-pioglitazone,categorical,0.0,,0.0,0.0,1
70,metformin-rosiglitazone,categorical,0.0,,0.0,0.0,1
71,num_medications,numeric,0.0,0.042691815028362126,,0.0,75
